,indexes,names,scores
0,1,MSE_norm_E3017_Intensity,0.0463298575504
1,2,R2_norm_E3017_iBAQ,0.0457909700681
2,3,R2_norm_E3019_LFQ-intensity,0.0440596632456
3,4,MSE_norm_E3017_iBAQ,0.0310169219655
4,5,MSE_norm_E3019_LFQ-intensity,0.0309034883381
5,6,PC_LFQ-intensity_300,0.0307659455329
6,7,EVS_norm_E3017_iBAQ,0.0307357486238
7,8,CKS_E3017_LFQ-intensity,0.0260260926141
8,9,PC_E3019_Intensity,0.0178106517953
9,10,EVS_norm_E3019_LFQ-intensity,0.017506077759
10,11,MAE_norm_E3019_LFQ-intensity,0.017235585478
11,12,MAE_norm_E3017_Intensity,0.0168866778533
12,13,CC_max_E3017_iBAQ,0.0164630516333
13,14,MAE_norm_E3019_Intensity,0.0161084752104
14,15,CC_max_E3017_Intensity,0.0158847599298
15,16,R2_norm_E3017_Intensity,0.0155858926354
16,17,PC_E3023_LFQ-intensity,0.0154117627415
17,18,CC_max_LFQ-intensity_300,0.0152339029585
18,19,CC_max_E3019_iBAQ,0.0151368075785
19,20,MAE_norm_E3019_iBAQ,0.0148089117578
20,21,CC_average_E3023_LFQ-intensity,0.0145729855258
21,22,MSE_norm_E3023_iBAQ,0.0145558491458
22,23,CC_average_E3017_Intensity,0.0143733276408
23,24,R2_norm_E3023_LFQ-intensity,0.0142324965229
24,25,CC_max_Intensity_300,0.0141842765698
25,26,MAE_norm_E3019_MS-MS-Count,0.0140344673371
26,27,CC_average_E3019_LFQ-intensity,0.0139764833669
27,28,VMS_E3019_iBAQ,0.0137337371607
28,29,CC_average_iBAQ_300,0.0136026510009
29,30,MAE_norm_E3024_iBAQ,0.0135239715141
30,31,EVS_norm_E3019_MS-MS-Count,0.0134561794252
31,32,MAE_norm_E3020_Unique-peptides,0.0133859897843
32,33,CC_average_E3023_iBAQ,0.0130044848175
33,34,MSE_norm_E3017_MS-MS-Count,0.0129309162694
34,35,CC_average_E3019_Intensity,0.0127950953308
35,36,CC_average_E3017_LFQ-intensity,0.0127747977228
36,37,CA_iBAQ_300,0.0126428040805
37,38,CKS_E3027_Intensity,0.0124010579486
38,39,R2_norm_E3024_iBAQ,0.0111146077067
39,40,MdAE_abs_E3019_Intensity,0.00472335724147
40,41,MSE_abs_E3027_Unique-peptides,0.00418419805958
41,42,MSE_abs_E3021_MS-MS-Count,0.00409904037957
42,43,MdAE_abs_E3019_LFQ-intensity,0.00378638000997
43,44,MAE_norm_E3027_Unique-peptides,0.00360375570515
44,45,R2_abs_E3028_iBAQ,0.00353355395834
45,46,MAE_abs_E3017_MS-MS-Count,0.00337490135896
46,47,CC_max_E3017_LFQ-intensity,0.00321908956287
47,48,MAE_abs_E3020_MS-MS-Count,0.00307688118517
48,49,MAE_norm_E3017_MS-MS-Count,0.00307130548692
49,50,MSE_norm_E3027_iBAQ,0.00295556202314
50,51,experimental,0.00283989079161
51,52,MAE_abs_E3017_LFQ-intensity,0.00282891183122
52,53,PC_E3019_iBAQ,0.0028253367279
53,54,MAE_abs_E3019_LFQ-intensity,0.00267877022055
54,55,EVS_norm_E3027_LFQ-intensity,0.00256641230185
55,56,EVS_norm_E3023_iBAQ,0.00247965235926
56,57,MSE_abs_E3023_iBAQ,0.00247843180906
57,58,MSE_abs_E3020_Unique-peptides,0.00243186520633
58,59,MdAE_norm_E3027_Unique-peptides,0.00242108743256
59,60,MdAE_abs_E3017_Intensity,0.00234769597361
60,61,CC_max_E3028_MS-MS-Count,0.00228155077393
61,62,F1_E3024_iBAQ,0.00227123245164
62,63,R2_norm_E3020_LFQ-intensity,0.00217676097522
63,64,MSE_norm_E3028_Unique-peptides,0.00213644118497
64,65,EVS_abs_E3027_Intensity,0.00212783501016
65,66,MSE_norm_E3027_Unique-peptides,0.0021140679854
66,67,MAE_abs_E3019_MS-MS-Count,0.00205074423599
67,68,MAE_abs_E3028_MS-MS-Count,0.00203001544158
68,69,MAE_norm_E3024_Intensity,0.002005816206
69,70,MAE_abs_E3028_LFQ-intensity,0.00196331432969
70,71,MSE_abs_E3017_Unique-peptides,0.00195060114365
71,72,MSE_norm_E3019_iBAQ,0.00194481642954
72,73,MSE_abs_E3020_MS-MS-Count,0.00191940459619
73,74,PC_E3027_Unique-peptides,0.00189913380201
74,75,CC_abs_E3023_iBAQ,0.00186882104984
75,76,AS_E3020_iBAQ,0.00183370309306
76,77,MAE_abs_E3027_iBAQ,0.00181845151063
77,78,MSE_abs_E3019_LFQ-intensity,0.00180800958137
78,79,R2_abs_E3020_Intensity,0.00180001833122
79,80,PS_E3027_iBAQ,0.00179546932366
80,81,CKS_E3024_Intensity,0.00174172026701
81,82,MSE_abs_E3017_MS-MS-Count,0.00172154383963
82,83,VMS_E3019_LFQ-intensity,0.00167633200063
83,84,RS_E3027_iBAQ,0.00163185589298
84,85,CC_average_Intensity_300,0.0016160868346
85,86,CKS_E3021_LFQ-intensity,0.00160981168762
86,87,HL_E3023_MS-MS-Count,0.00158333806344
87,88,MSE_abs_E3023_LFQ-intensity,0.00155311232216
88,89,MAE_abs_E3019_Unique-peptides,0.00144829312218
89,90,R2_abs_E3023_iBAQ,0.00143852270903
90,91,CC_average_E3020_Intensity,0.00143164519444
91,92,F1_E3027_Intensity,0.00142246603193
92,93,PC_Intensity_1000,0.00139725405694
93,94,PS_E3024_Intensity,0.00138161559841
94,95,MAE_abs_E3024_LFQ-intensity,0.00138078400198
95,96,MAE_abs_E3021_LFQ-intensity,0.00135859277138
96,97,R2_norm_E3028_Unique-peptides,0.00135129252292
97,98,MAE_norm_E3028_Unique-peptides,0.001348546398
98,99,FMS_E3024_Unique-peptides,0.0012902130997
99,100,R2_norm_E3027_MS-MS-Count,0.00128082603859
100,101,PC_E3028_Intensity,0.00128039024099
101,102,R2_abs_E3024_LFQ-intensity,0.00127021506982
102,103,MAE_abs_E3021_iBAQ,0.00126083468505
103,104,EVS_abs_E3020_iBAQ,0.00123401374234
104,105,F1_E3020_MS-MS-Count,0.00122337545035
105,106,MSE_norm_E3020_LFQ-intensity,0.00120016474255
106,107,MAE_abs_E3021_MS-MS-Count,0.00117880436883
107,108,EVS_abs_E3023_iBAQ,0.00116902308424
108,109,MSE_norm_E3027_LFQ-intensity,0.00112095069654
109,110,MdAE_abs_E3017_LFQ-intensity,0.00111003076947
110,111,MSE_abs_E3024_MS-MS-Count,0.00110529675425
111,112,PC_E3019_LFQ-intensity,0.00110401279093
112,113,PC_Unique-peptides_1000,0.00109369468054
113,114,R2_norm_E3020_iBAQ,0.00108972578808
114,115,CC_average_E3017_iBAQ,0.00104595968783
115,116,MSE_abs_E3023_Intensity,0.00104552191545
116,117,R2_abs_E3027_MS-MS-Count,0.00104378781996
117,118,MAE_abs_E3020_Unique-peptides,0.00102913384817
118,119,VMS_E3028_iBAQ,0.000998363285737
119,120,MSE_norm_E3019_Unique-peptides,0.000971230790425
120,121,MAE_abs_E3028_Unique-peptides,0.00095847795101
121,122,CS_E3024_Unique-peptides,0.000938441472642
122,123,HL_E3024_iBAQ,0.000936248720583
123,124,ADR_E3019_iBAQ,0.000934034931582
124,125,MAE_norm_E3017_iBAQ,0.000932138922984
125,126,MSE_norm_E3027_MS-MS-Count,0.000905316404984
126,127,MdAE_norm_E3024_Unique-peptides,0.000895588193115
127,128,MAE_abs_E3023_LFQ-intensity,0.000877182572265
128,129,CKS_E3017_MS-MS-Count,0.000840335639213
129,130,F1_E3019_LFQ-intensity,0.000826164916714
130,131,HS_E3023_LFQ-intensity,0.000823268736668
131,132,FMS_E3024_MS-MS-Count,0.000818466729377
132,133,PC_E3028_LFQ-intensity,0.000815607966124
133,134,ADR_E3024_iBAQ,0.000809608886391
134,135,HS_E3019_LFQ-intensity,0.000808518449896
135,136,combined_score,0.000803126257694
136,137,FMS_E3021_LFQ-intensity,0.000788489416411
137,138,MAE_abs_E3019_Intensity,0.000786668746522
138,139,MAE_norm_E3027_MS-MS-Count,0.000782463190724
139,140,PS_E3021_iBAQ,0.000768214295956
140,141,ADR_E3028_Unique-peptides,0.00076211142533
141,142,MdAE_abs_E3028_MS-MS-Count,0.000758522676675
142,143,MSE_norm_E3021_iBAQ,0.000754131921811
143,144,MIS_E3028_Intensity,0.000745848699584
144,145,VMS_E3019_Intensity,0.000717156767134
145,146,F1_E3024_Intensity,0.000709788235917
146,147,MAE_norm_E3021_Intensity,0.000709362349463
147,148,HS_E3028_iBAQ,0.000702437522766
148,149,CC_max_E3028_Intensity,0.00069022462566
149,150,CS_E3019_Intensity,0.000676606813392
150,151,R2_abs_E3021_Unique-peptides,0.000673696090015
151,152,AS_E3028_Unique-peptides,0.000670143277656
152,153,HL_E3024_LFQ-intensity,0.000665415852464
153,154,R2_abs_E3027_Intensity,0.000664106193199
154,155,SC_E3027_Intensity,0.000656410371298
155,156,MSE_norm_E3028_MS-MS-Count,0.000647987559668
156,157,VMS_E3024_Intensity,0.000638758628573
157,158,PS_E3024_iBAQ,0.000629496069643
158,159,AS_E3021_Intensity,0.000629353536001
159,160,EVS_abs_E3021_iBAQ,0.000626418019769
160,161,AS_E3024_LFQ-intensity,0.000626234380788
161,162,CKS_E3023_LFQ-intensity,0.000624173831347
162,163,PC_iBAQ_300,0.00062038038002
163,164,FMS_E3017_MS-MS-Count,0.000599695456898
164,165,HL_E3028_Intensity,0.000596530133464
165,166,CKS_E3019_Intensity,0.000593136954265
166,167,EVS_abs_E3020_Intensity,0.000590822775115
167,168,R2_abs_E3024_iBAQ,0.000583587818225
168,169,MAE_abs_E3024_Intensity,0.000581244123284
169,170,HL_E3027_Intensity,0.000580890037956
170,171,RS_E3024_iBAQ,0.000579110280783
171,172,HS_E3021_MS-MS-Count,0.000577857116844
172,173,RS_E3020_Unique-peptides,0.000574268686141
173,174,MdAE_norm_E3019_iBAQ,0.000572741148189
174,175,RS_E3028_Unique-peptides,0.000566443599472
175,176,HS_E3024_MS-MS-Count,0.000560496298723
176,177,AS_E3020_MS-MS-Count,0.000555658239317
177,178,RS_E3024_MS-MS-Count,0.000555176782115
178,179,CKS_E3028_iBAQ,0.000553843208002
179,180,MAE_norm_E3017_LFQ-intensity,0.000551906190233
180,181,PC_E3028_MS-MS-Count,0.000551101547828
181,182,AS_E3024_iBAQ,0.000550922278622
182,183,CC_abs_E3023_Intensity,0.000536856614726
183,184,PC_E3024_Unique-peptides,0.000529770477142
184,185,VMS_E3023_LFQ-intensity,0.000524828813246
185,186,MSE_norm_E3028_LFQ-intensity,0.000523650716626
186,187,PC_E3020_Intensity,0.000522282539174
187,188,HS_E3028_Intensity,0.00051912957632
188,189,CKS_E3019_LFQ-intensity,0.00051909197922
189,190,CKS_E3024_MS-MS-Count,0.000515902358991
190,191,CC_max_E3019_Intensity,0.000512608836762
191,192,R2_norm_E3021_iBAQ,0.000509567277106
192,193,MSE_norm_E3021_LFQ-intensity,0.000504288331164
193,194,MdAE_norm_E3023_Unique-peptides,0.000502126385634
194,195,MSE_norm_E3024_iBAQ,0.000481665356944
195,196,CS_E3021_iBAQ,0.000478466877882
196,197,PS_E3024_LFQ-intensity,0.000476511359261
197,198,HS_E3023_MS-MS-Count,0.000475159240854
198,199,R2_norm_E3020_Intensity,0.000471993533219
199,200,AS_E3017_MS-MS-Count,0.00046404508652
200,201,HL_E3027_LFQ-intensity,0.000460907874466
201,202,RS_E3020_MS-MS-Count,0.000455962412398
202,203,MAE_norm_E3021_iBAQ,0.000452733771958
203,204,EVS_norm_E3024_Intensity,0.000451784161716
204,205,MdAE_abs_E3028_LFQ-intensity,0.000449453137508
205,206,EVS_norm_E3028_LFQ-intensity,0.000444925994621
206,207,HL_E3019_Intensity,0.000443071126226
207,208,R2_abs_E3019_LFQ-intensity,0.000430363709496
208,209,CM_norm_E3017_iBAQ,0.000427852876284
209,210,CC_max_E3020_iBAQ,0.000425432779317
210,211,ADR_E3024_Intensity,0.00042244435342
211,212,PS_E3019_Unique-peptides,0.000416115887565
212,213,MSE_norm_E3024_LFQ-intensity,0.00041553982335
213,214,MAE_abs_E3023_iBAQ,0.000413668839462
214,215,MdAE_norm_E3023_MS-MS-Count,0.000412999216436
215,216,EVS_abs_E3024_Intensity,0.000411453404554
216,217,VMS_E3024_iBAQ,0.000411226565396
217,218,CKS_E3023_Intensity,0.000410850430253
218,219,PC_E3021_Intensity,0.000409153033379
219,220,AS_E3023_Intensity,0.000408649587056
220,221,SC_E3019_Intensity,0.000404191733789
221,222,MSE_norm_E3024_Unique-peptides,0.000403862613715
222,223,HL_E3019_Unique-peptides,0.000403838787428
223,224,F1_E3021_Unique-peptides,0.000403755754242
224,225,CC_average_LFQ-intensity_1000,0.000391709824881
225,226,ADR_E3017_Unique-peptides,0.000379616694282
226,227,R2_abs_E3017_iBAQ,0.000377842725527
227,228,MSE_abs_E3021_LFQ-intensity,0.000374738322829
228,229,EVS_norm_E3019_Intensity,0.000374518288082
229,230,CKS_E3020_Unique-peptides,0.000367305074551
230,231,CKS_E3027_LFQ-intensity,0.000363282114865
231,232,MdAE_abs_E3020_Unique-peptides,0.000361621268688
232,233,MSE_abs_E3027_iBAQ,0.000361141745054
233,234,CS_E3020_MS-MS-Count,0.000357475406197
234,235,MAE_norm_E3017_Unique-peptides,0.000354476775969
235,236,PS_E3020_iBAQ,0.000340563085218
236,237,MAE_abs_E3020_LFQ-intensity,0.000339911886972
237,238,MSE_abs_E3019_Unique-peptides,0.000335841287846
238,239,MdAE_abs_E3017_iBAQ,0.000327661226733
239,240,VMS_E3028_Intensity,0.000327030606737
240,241,HL_E3021_Intensity,0.000325916961455
241,242,CS_E3024_Intensity,0.000322855987398
242,243,F1_E3028_Unique-peptides,0.000321405145394
243,244,VMS_E3028_LFQ-intensity,0.000321208533403
244,245,EVS_norm_E3024_Unique-peptides,0.000321070869363
245,246,CKS_E3017_Unique-peptides,0.000316883323232
246,247,ADR_E3020_MS-MS-Count,0.000306784188643
247,248,ADR_E3020_iBAQ,0.000304709801339
248,249,CC_abs_Unique-peptides_1000,0.000302230667661
249,250,EVS_abs_E3023_Unique-peptides,0.000301899753554
250,251,PS_E3020_Unique-peptides,0.00029704571435
251,252,AS_E3019_LFQ-intensity,0.000292894590134
252,253,F1_E3019_iBAQ,0.000290458760898
253,254,SC_LFQ-intensity_1000,0.000289958573063
254,255,CC_max_E3023_MS-MS-Count,0.000288561271135
255,256,MSE_norm_E3020_Unique-peptides,0.000286463097701
256,257,CC_average_E3027_iBAQ,0.000286374377263
257,258,MAE_abs_E3024_Unique-peptides,0.00028333790581
258,259,HL_E3024_Unique-peptides,0.000281271788938
259,260,FMS_E3024_Intensity,0.000279662915509
260,261,MSE_norm_E3027_Intensity,0.00027928459609
261,262,CC_average_E3023_Intensity,0.000279171263836
262,263,R2_norm_E3021_LFQ-intensity,0.000277688951792
263,264,EVS_norm_E3028_MS-MS-Count,0.000277268643388
264,265,HL_E3027_Unique-peptides,0.000277134073082
265,266,SC_E3024_Unique-peptides,0.00027646186236
266,267,CC_max_E3023_iBAQ,0.000275304890045
267,268,CC_max_E3019_MS-MS-Count,0.000273887049193
268,269,HL_E3021_MS-MS-Count,0.000273655969506
269,270,F1_E3023_Unique-peptides,0.000273501685297
270,271,CM_norm_E3019_LFQ-intensity,0.000273179387881
271,272,FMS_E3027_Intensity,0.000273031661275
272,273,R2_abs_SAL1018_intensity,0.000272739575714
273,274,CM_E3019_Unique-peptides,0.000272378098635
274,275,MdAE_norm_E3024_LFQ-intensity,0.0002718429245
275,276,EVS_abs_E3020_MS-MS-Count,0.000270411689946
276,277,EVS_norm_E3027_Intensity,0.000269350824747
277,278,CC_max_Intensity_1000,0.000268403306203
278,279,AS_E3021_LFQ-intensity,0.000267285770048
279,280,SC_E3024_Intensity,0.000263243792065
280,281,MdAE_norm_E3024_iBAQ,0.000262908586005
281,282,CC_abs_E3021_LFQ-intensity,0.000262538568187
282,283,EVS_norm_E3023_Unique-peptides,0.000262450241677
283,284,SC_Intensity_1000,0.000262107354403
284,285,R2_abs_E3017_Intensity,0.000261244636177
285,286,MAE_abs_E3017_Unique-peptides,0.000260075642734
286,287,ADR_E3021_MS-MS-Count,0.000259858561599
287,288,ADR_E3024_MS-MS-Count,0.000258891583092
288,289,MdAE_abs_E3024_LFQ-intensity,0.000257537890885
289,290,R2_abs_E3028_LFQ-intensity,0.00025673615504
290,291,MSE_abs_E3028_LFQ-intensity,0.000255918306279
291,292,EVS_norm_E3027_MS-MS-Count,0.000254463202059
292,293,PS_E3019_iBAQ,0.000253254405707
293,294,RS_E3017_Unique-peptides,0.000246247675821
294,295,PS_E3023_Intensity,0.000243348744498
295,296,PC_E3020_MS-MS-Count,0.000241263298423
296,297,CS_E3023_iBAQ,0.00023970320288
297,298,CC_average_E3027_LFQ-intensity,0.000238324004738
298,299,MdAE_abs_E3023_LFQ-intensity,0.000237612521288
299,300,CS_E3028_iBAQ,0.000235850663001
300,301,CC_max_E3021_iBAQ,0.000235769643013
301,302,MSE_abs_E3024_iBAQ,0.000230214766382
302,303,MIS_E3023_Unique-peptides,0.00022976050871
303,304,MdAE_abs_E3019_iBAQ,0.000227871595642
304,305,SC_Unique-peptides_1000,0.00022270458316
305,306,PS_E3028_iBAQ,0.000220236585205
306,307,CC_abs_E3017_LFQ-intensity,0.000216401743348
307,308,SC_E3024_iBAQ,0.000212444929358
308,309,CC_max_E3023_LFQ-intensity,0.000209450116004
309,310,CS_E3028_LFQ-intensity,0.000209082062926
310,311,MIS_E3027_iBAQ,0.000203982094458
311,312,F1_E3021_Intensity,0.000203651958351
312,313,CKS_E3020_iBAQ,0.000201613638662
313,314,CS_E3027_LFQ-intensity,0.000201085845797
314,315,HL_E3023_iBAQ,0.000200241872903
315,316,MIS_E3021_iBAQ,0.000200055715175
316,317,PS_E3020_Intensity,0.000198853436569
317,318,MIS_E3027_MS-MS-Count,0.000198278473288
318,319,CC_average_MS-MS-Count_1000,0.00019806574025
319,320,VMS_E3023_iBAQ,0.0001975319462
320,321,PC_E3027_iBAQ,0.000195822509772
321,322,MdAE_abs_E3024_Intensity,0.000185278800258
322,323,MSE_abs_E3021_iBAQ,0.000184678310115
323,324,HS_E3027_LFQ-intensity,0.000182767165753
324,325,CC_average_E3019_iBAQ,0.000181588281487
325,326,MdAE_abs_E3023_iBAQ,0.000181528136861
326,327,MAE_abs_E3023_MS-MS-Count,0.000180937748929
327,328,CC_abs_E3019_iBAQ,0.000180387341936
328,329,F1_E3023_LFQ-intensity,0.000179193330506
329,330,CM_norm_E3019_Intensity,0.000169484737919
330,331,CC_max_E3028_iBAQ,0.000168787541314
331,332,FMS_E3028_LFQ-intensity,0.000166750920232
332,333,CM_norm_E3021_LFQ-intensity,0.000165926834808
333,334,MSE_abs_E3021_Unique-peptides,0.000161622044812
334,335,FMS_E3020_Unique-peptides,0.000161166575097
335,336,MdAE_norm_E3021_Intensity,0.000152352247793
336,337,SC_E3020_iBAQ,0.000152222040893
337,338,CKS_E3027_MS-MS-Count,0.000152052313738
338,339,CA_E3027_Unique-peptides,0.000147230916075
339,340,CC_max_E3024_Unique-peptides,0.000146276117651
340,341,HS_E3021_LFQ-intensity,0.000142882222136
341,342,VMS_E3021_LFQ-intensity,0.000141809015715
342,343,EVS_norm_E3021_MS-MS-Count,0.000138886646116
343,344,CC_max_E3023_Intensity,0.000138788697563
344,345,CM_iBAQ_1000,0.00013855694925
345,346,MIS_E3023_LFQ-intensity,0.000138523642188
346,347,EVS_abs_E3021_LFQ-intensity,0.000138459492631
347,348,SC_E3017_Unique-peptides,0.000138415501134
348,349,RS_E3027_LFQ-intensity,0.000138393186615
349,350,ADR_E3023_MS-MS-Count,0.000138154171418
350,351,CKS_E3021_Intensity,0.000138153718217
351,352,R2_abs_E3023_Intensity,0.000138141019097
352,353,AS_E3020_Unique-peptides,0.000138074935122
353,354,SC_E3028_MS-MS-Count,0.000138052874868
354,355,MAE_norm_E3027_iBAQ,0.000138046476034
355,356,R2_norm_E3028_Intensity,0.000137891042918
356,357,MSE_norm_E3021_Unique-peptides,0.000137760461425
357,358,PC_E3017_Intensity,0.000137668613459
358,359,CKS_E3019_Unique-peptides,0.000137549206511
359,360,FMS_E3021_Intensity,0.000137471897181
360,361,SC_E3017_LFQ-intensity,0.000137249258871
361,362,CC_max_E3020_Unique-peptides,0.00013704835823
362,363,EVS_norm_E3028_Unique-peptides,0.000137024404133
363,364,ADR_E3017_Intensity,0.000136952851961
364,365,CC_average_E3024_Intensity,0.000136909745796
365,366,SC_E3023_Intensity,0.000136869144352
366,367,HL_E3024_Intensity,0.000136708840553
367,368,EVS_abs_E3024_MS-MS-Count,0.000136448319127
368,369,PC_E3017_iBAQ,0.000136355780121
369,370,ADR_E3021_LFQ-intensity,0.00013568736738
370,371,CC_abs_E3021_Intensity,0.000135305828513
371,372,PC_E3027_Intensity,0.00013524183593
372,373,MAE_norm_E3024_MS-MS-Count,0.000134355160315
373,374,SC_E3019_Unique-peptides,0.000134302656514
374,375,ADR_E3023_LFQ-intensity,0.000134218509683
375,376,MIS_E3019_Unique-peptides,0.000134069898423
376,377,R2_abs_E3023_Unique-peptides,0.00013381663222
377,378,EVS_abs_E3017_LFQ-intensity,0.000133400868472
378,379,R2_norm_E3019_MS-MS-Count,0.000133257010225
379,380,CC_average_E3021_LFQ-intensity,0.000132884884369
380,381,EVS_norm_E3021_iBAQ,0.000132395523726
381,382,CC_average_E3024_MS-MS-Count,0.000132210160518
382,383,MdAE_abs_E3021_Intensity,0.000131110198996
383,384,R2_abs_E3017_MS-MS-Count,0.000129742678865
384,385,CC_max_MS-MS-Count_1000,0.000129490700927
385,386,HL_E3017_LFQ-intensity,0.00012948663851
386,387,EVS_abs_E3021_Unique-peptides,0.000128807283718
387,388,CS_E3028_MS-MS-Count,0.000127815875342
388,389,VMS_E3027_Unique-peptides,0.000127107280701
389,390,CC_average_E3024_iBAQ,0.000126212423326
390,391,CC_max_Unique-peptides_1000,0.000126177210274
391,392,CC_average_E3024_LFQ-intensity,0.000125811987832
392,393,HL_E3017_Intensity,0.000125670069602
393,394,AS_E3027_LFQ-intensity,0.000125449640013
394,395,FMS_E3023_iBAQ,0.000125150782885
395,396,EVS_abs_E3028_MS-MS-Count,0.000124746573676
396,397,MdAE_norm_E3020_LFQ-intensity,0.000124184054794
397,398,HS_E3017_MS-MS-Count,0.000123239182068
398,399,PC_E3017_Unique-peptides,0.00012320649252
399,400,AS_E3023_Unique-peptides,0.000122781208737
400,401,RS_E3019_iBAQ,0.000122693391166
401,402,CC_abs_E3028_Intensity,0.000122488825186
402,403,HS_E3021_Unique-peptides,0.000122243678938
403,404,AS_E3020_Intensity,0.000121466457254
404,405,PS_E3028_LFQ-intensity,0.000121299539352
405,406,HS_E3024_Unique-peptides,0.000121299539352
406,407,MSE_abs_SAL1018_intensity,0.000119158468732
407,408,R2_norm_E3024_Intensity,0.00011724652342
408,409,CC_abs_E3020_Intensity,0.000116656023987
409,410,MIS_E3021_Unique-peptides,0.000116631040461
410,411,MdAE_norm_E3027_MS-MS-Count,0.000116493869539
411,412,VMS_E3023_MS-MS-Count,0.000115836104128
412,413,SC_E3021_iBAQ,0.000114991003452
413,414,CM_E3020_LFQ-intensity,0.000111055046632
414,415,R2_abs_E3024_MS-MS-Count,0.00011092999043
415,416,R2_norm_E3021_Intensity,0.000109086643489
416,417,CKS_E3023_Unique-peptides,0.000106382147961
417,418,CM_norm_E3028_iBAQ,0.000104725058002
418,419,R2_abs_E3021_iBAQ,0.000104488819062
419,420,EVS_norm_E3023_MS-MS-Count,0.000104336734969
420,421,PC_E3024_iBAQ,0.00010429231907
421,422,MAE_abs_E3021_Unique-peptides,0.000104281870825
422,423,FMS_E3023_Unique-peptides,0.000104114106218
423,424,HS_E3027_Intensity,0.000104032665547
424,425,CM_E3021_Unique-peptides,0.00010398305987
425,426,CM_E3027_Intensity,0.000102050767645
426,427,F1_E3024_MS-MS-Count,9.77526527964e-05
427,428,MSE_abs_E3019_iBAQ,9.67592361702e-05
428,429,PS_SAL1018_intensity,9.37972187364e-05
429,430,MdAE_norm_E3024_Intensity,9.34212545311e-05
430,431,MAE_abs_E3019_iBAQ,9.31251525316e-05
431,432,MAE_abs_E3027_Unique-peptides,9.30889404461e-05
432,433,CC_max_Unique-peptides_300,9.27935763166e-05
433,434,EVS_abs_E3023_LFQ-intensity,9.2639400129e-05
434,435,MdAE_norm_E3027_iBAQ,9.24935049356e-05
435,436,MdAE_norm_E3021_MS-MS-Count,9.24734804861e-05
436,437,VMS_E3019_MS-MS-Count,9.24048693897e-05
437,438,HL_E3019_MS-MS-Count,9.21815748931e-05
438,439,CS_E3027_iBAQ,9.21101234684e-05
439,440,R2_abs_E3020_iBAQ,9.19013863622e-05
440,441,CA_Unique-peptides_1000,9.15690278702e-05
441,442,CC_max_E3021_Unique-peptides,9.12847234392e-05
442,443,PC_E3020_LFQ-intensity,9.07063174009e-05
443,444,HL_E3017_Unique-peptides,8.80178063327e-05
444,445,MIS_E3020_MS-MS-Count,8.08734500718e-05
445,446,R2_abs_E3021_Intensity,7.68731097917e-05
446,447,MdAE_norm_E3019_Unique-peptides,7.36181075791e-05
447,448,SC_iBAQ_300,6.98167053346e-05
448,449,RS_E3023_iBAQ,6.96402186127e-05
449,450,MSE_abs_E3024_Intensity,6.96274320017e-05
450,451,CC_max_E3021_LFQ-intensity,6.95091067605e-05
451,452,CC_max_E3017_Unique-peptides,6.93701287017e-05
452,453,R2_norm_E3023_Unique-peptides,6.93577681561e-05
453,454,CKS_E3017_iBAQ,6.92444372581e-05
454,455,MAE_abs_E3021_Intensity,6.91116732462e-05
455,456,CM_norm_E3019_iBAQ,6.87988917137e-05
456,457,CKS_E3024_iBAQ,6.85874813193e-05
457,458,MdAE_norm_E3023_iBAQ,6.7927111659e-05
458,459,R2_norm_E3024_MS-MS-Count,6.78519831414e-05
459,460,F1_E3023_MS-MS-Count,6.66349636272e-05
460,461,CC_abs_Unique-peptides_300,6.50105614427e-05
461,462,MIS_E3024_iBAQ,6.18024782979e-05
462,463,MIS_E3024_Unique-peptides,5.95769218855e-05
463,464,CS_E3023_LFQ-intensity,5.80493439235e-05
464,465,MSE_abs_E3019_Intensity,5.79259733738e-05
465,466,PS_E3019_Intensity,5.29821532759e-05
466,467,RS_E3019_Unique-peptides,4.8053189797e-05
467,468,RS_E3021_Unique-peptides,4.77871704042e-05
468,469,RS_E3020_LFQ-intensity,4.63521418091e-05
469,470,MSE_abs_E3017_iBAQ,4.55286784705e-05
470,471,ADR_E3021_iBAQ,4.5273905973e-05
471,472,VMS_E3017_Intensity,4.46844257746e-05
472,473,PC_E3027_LFQ-intensity,4.46331852477e-05
473,474,MAE_norm_E3023_Intensity,4.1294359726e-05
474,475,CC_max_E3027_MS-MS-Count,4.03085218389e-05
475,476,HL_E3019_LFQ-intensity,3.86890103404e-05
476,477,FMS_E3017_Intensity,3.85059684251e-05
477,478,RS_E3021_iBAQ,3.79358979668e-05
478,479,HL_E3019_iBAQ,2.73344378675e-05
479,480,SC_Intensity_300,2.72379328388e-05
480,481,CS_E3017_Unique-peptides,2.28879777394e-05
481,482,FMS_E3028_Intensity,2.25604999282e-05
482,483,MdAE_abs_E3020_MS-MS-Count,1.81496645324e-05
483,484,MSE_abs_E3023_MS-MS-Count,1.68493843396e-05
484,485,AS_E3024_MS-MS-Count,1.28236465073e-05
485,486,MAE_abs_E3027_Intensity,5.74205251077e-06
486,487,PS_E3021_Unique-peptides,5.72917430475e-06
487,488,CC_abs_iBAQ_1000,4.60132285677e-06
488,489,ADR_E3027_Intensity,0.0
489,490,PC_MS-MS-Count_1000,0.0
490,491,SC_E3027_MS-MS-Count,0.0
491,492,PS_E3027_MS-MS-Count,0.0
492,493,EVS_abs_E3027_Unique-peptides,0.0
493,494,SC_MS-MS-Count_1000,0.0
494,495,MAE_abs_E3017_Intensity,0.0
495,496,PC_Unique-peptides_300,0.0
496,497,HL_E3027_MS-MS-Count,0.0
497,498,MSE_abs_E3027_Intensity,0.0
498,499,F1_E3027_MS-MS-Count,0.0
499,500,AS_E3027_MS-MS-Count,0.0
500,501,R2_norm_E3027_Unique-peptides,0.0
501,502,R2_abs_E3027_Unique-peptides,0.0
502,503,PC_E3027_MS-MS-Count,0.0
503,504,PS_E3027_Intensity,0.0
504,505,AS_E3017_Intensity,0.0
505,506,SC_iBAQ_1000,0.0
506,507,EVS_abs_E3017_Intensity,0.0
507,508,CKS_E3017_Intensity,0.0
508,509,RS_E3027_Intensity,0.0
509,510,CA_E3017_iBAQ,0.0
510,511,ADR_E3027_Unique-peptides,0.0
511,512,MSE_abs_E3017_Intensity,0.0
512,513,CA_MS-MS-Count_1000,0.0
513,514,CA_MS-MS-Count_300,0.0
514,515,MAE_norm_E3027_Intensity,0.0
515,516,MdAE_abs_E3027_Unique-peptides,0.0
516,517,CS_E3017_Intensity,0.0
517,518,CM_E3027_MS-MS-Count,0.0
518,519,CM_norm_E3027_MS-MS-Count,0.0
519,520,CS_E3027_Intensity,0.0
520,521,CA_LFQ-intensity_1000,0.0
521,522,MdAE_norm_E3027_Intensity,0.0
522,523,CC_average_E3027_MS-MS-Count,0.0
523,524,R2_norm_E3027_Intensity,0.0
524,525,EVS_norm_E3017_Intensity,0.0
525,526,HS_E3017_Intensity,0.0
526,527,SC_Unique-peptides_300,0.0
527,528,MdAE_norm_E3017_Intensity,0.0
528,529,MIS_E3017_Intensity,0.0
529,530,CA_E3027_MS-MS-Count,0.0
530,531,CA_LFQ-intensity_300,0.0
531,532,CC_abs_E3027_MS-MS-Count,0.0
532,533,EVS_norm_E3027_Unique-peptides,0.0
533,534,MIS_E3027_Intensity,0.0
534,535,RS_E3027_MS-MS-Count,0.0
535,536,VMS_E3027_Intensity,0.0
536,537,AS_E3027_Intensity,0.0
537,538,MdAE_abs_E3027_Intensity,0.0
538,539,CA_E3027_Intensity,0.0
539,540,CC_abs_E3027_Intensity,0.0
540,541,FMS_E3027_LFQ-intensity,0.0
541,542,PC_MS-MS-Count_300,0.0
542,543,CC_average_E3027_Unique-peptides,0.0
543,544,CC_abs_E3027_LFQ-intensity,0.0
544,545,CC_max_E3027_Unique-peptides,0.0
545,546,CS_E3017_iBAQ,0.0
546,547,PS_E3027_LFQ-intensity,0.0
547,548,CC_abs_E3027_Unique-peptides,0.0
548,549,FMS_E3017_iBAQ,0.0
549,550,F1_E3027_LFQ-intensity,0.0
550,551,HS_E3017_iBAQ,0.0
551,552,RS_E3027_Unique-peptides,0.0
552,553,PS_E3027_Unique-peptides,0.0
553,554,VMS_E3027_LFQ-intensity,0.0
554,555,MIS_E3027_LFQ-intensity,0.0
555,556,MIS_E3017_iBAQ,0.0
556,557,CC_max_E3027_LFQ-intensity,0.0
557,558,SC_E3027_Unique-peptides,0.0
558,559,CM_E3027_Unique-peptides,0.0
559,560,SC_E3027_LFQ-intensity,0.0
560,561,MAE_abs_E3017_iBAQ,0.0
561,562,EVS_abs_E3017_iBAQ,0.0
562,563,CM_norm_E3027_LFQ-intensity,0.0
563,564,EVS_abs_E3027_MS-MS-Count,0.0
564,565,MAE_abs_E3027_MS-MS-Count,0.0
565,566,CM_E3027_LFQ-intensity,0.0
566,567,PC_LFQ-intensity_1000,0.0
567,568,SC_LFQ-intensity_300,0.0
568,569,PC_Intensity_300,0.0
569,570,PC_iBAQ_1000,0.0
570,571,MSE_abs_E3027_MS-MS-Count,0.0
571,572,MdAE_norm_E3017_iBAQ,0.0
572,573,CM_norm_E3027_Unique-peptides,0.0
573,574,MdAE_abs_E3027_MS-MS-Count,0.0
574,575,ADR_E3027_MS-MS-Count,0.0
575,576,F1_E3027_Unique-peptides,0.0
576,577,CC_max_E3027_Intensity,0.0
577,578,VMS_E3017_iBAQ,0.0
578,579,MSE_abs_E3027_LFQ-intensity,0.0
579,580,VMS_E3027_MS-MS-Count,0.0
580,581,MAE_abs_E3027_LFQ-intensity,0.0
581,582,HS_E3027_Unique-peptides,0.0
582,583,RS_E3017_iBAQ,0.0
583,584,EVS_abs_E3027_LFQ-intensity,0.0
584,585,CC_abs_E3017_iBAQ,0.0
585,586,CA_E3027_LFQ-intensity,0.0
586,587,CA_Unique-peptides_300,0.0
587,588,FMS_E3027_Unique-peptides,0.0
588,589,CM_norm_E3027_Intensity,0.0
589,590,SC_E3017_iBAQ,0.0
590,591,CM_E3017_iBAQ,0.0
591,592,CC_average_E3027_Intensity,0.0
592,593,CS_E3027_Unique-peptides,0.0
593,594,MIS_E3027_Unique-peptides,0.0
594,595,PS_E3017_iBAQ,0.0
595,596,CA_E3027_iBAQ,0.0
596,597,AS_E3027_Unique-peptides,0.0
597,598,CKS_E3027_Unique-peptides,0.0
598,599,CS_E3027_MS-MS-Count,0.0
599,600,ADR_E3027_LFQ-intensity,0.0
600,601,AS_E3017_iBAQ,0.0
601,602,R2_norm_E3027_LFQ-intensity,0.0
602,603,MdAE_norm_E3027_LFQ-intensity,0.0
603,604,FMS_E3027_MS-MS-Count,0.0
604,605,MdAE_abs_E3027_LFQ-intensity,0.0
605,606,F1_E3017_iBAQ,0.0
606,607,HS_E3027_MS-MS-Count,0.0
607,608,HL_E3017_iBAQ,0.0
608,609,MAE_norm_E3027_LFQ-intensity,0.0
609,610,SC_MS-MS-Count_300,0.0
610,611,R2_abs_E3027_LFQ-intensity,0.0
611,612,ADR_E3017_iBAQ,0.0
612,613,MAE_abs_SAL1328_intensity,0.0
613,614,CM_norm_E3027_iBAQ,0.0
614,615,SC_E3020_Unique-peptides,0.0
615,616,HS_E3020_MS-MS-Count,0.0
616,617,FMS_E3020_MS-MS-Count,0.0
617,618,R2_norm_E3020_MS-MS-Count,0.0
618,619,MdAE_norm_E3020_MS-MS-Count,0.0
619,620,MSE_norm_E3020_MS-MS-Count,0.0
620,621,MAE_norm_E3020_MS-MS-Count,0.0
621,622,EVS_norm_E3020_MS-MS-Count,0.0
622,623,R2_abs_E3020_MS-MS-Count,0.0
623,624,CC_average_Unique-peptides_300,0.0
624,625,CA_E3020_LFQ-intensity,0.0
625,626,CM_norm_E3020_LFQ-intensity,0.0
626,627,SC_E3020_LFQ-intensity,0.0
627,628,CC_average_E3020_LFQ-intensity,0.0
628,629,CC_max_E3020_LFQ-intensity,0.0
629,630,CC_abs_E3020_LFQ-intensity,0.0
630,631,PS_E3020_LFQ-intensity,0.0
631,632,HL_E3020_LFQ-intensity,0.0
632,633,F1_E3020_LFQ-intensity,0.0
633,634,CKS_E3020_LFQ-intensity,0.0
634,635,AS_E3020_LFQ-intensity,0.0
635,636,VMS_E3020_LFQ-intensity,0.0
636,637,MIS_E3020_LFQ-intensity,0.0
637,638,HS_E3020_LFQ-intensity,0.0
638,639,FMS_E3020_LFQ-intensity,0.0
639,640,CS_E3020_LFQ-intensity,0.0
640,641,VMS_E3020_MS-MS-Count,0.0
641,642,CKS_E3020_MS-MS-Count,0.0
642,643,CC_average_MS-MS-Count_300,0.0
643,644,CC_average_Intensity_1000,0.0
644,645,CC_average_E3020_Unique-peptides,0.0
645,646,CC_abs_E3020_Unique-peptides,0.0
646,647,HL_E3020_Unique-peptides,0.0
647,648,F1_E3020_Unique-peptides,0.0
648,649,VMS_E3020_Unique-peptides,0.0
649,650,MIS_E3020_Unique-peptides,0.0
650,651,HS_E3020_Unique-peptides,0.0
651,652,CS_E3020_Unique-peptides,0.0
652,653,ADR_E3020_Unique-peptides,0.0
653,654,R2_norm_E3020_Unique-peptides,0.0
654,655,MdAE_norm_E3020_Unique-peptides,0.0
655,656,EVS_norm_E3020_Unique-peptides,0.0
656,657,HL_E3020_MS-MS-Count,0.0
657,658,R2_abs_E3020_Unique-peptides,0.0
658,659,CC_average_LFQ-intensity_300,0.0
659,660,EVS_abs_E3020_Unique-peptides,0.0
660,661,CA_E3020_MS-MS-Count,0.0
661,662,CM_norm_E3020_MS-MS-Count,0.0
662,663,CM_E3020_MS-MS-Count,0.0
663,664,SC_E3020_MS-MS-Count,0.0
664,665,CC_average_E3020_MS-MS-Count,0.0
665,666,CC_max_E3020_MS-MS-Count,0.0
666,667,CC_abs_E3020_MS-MS-Count,0.0
667,668,PS_E3020_MS-MS-Count,0.0
668,669,ADR_E3020_LFQ-intensity,0.0
669,670,CC_average_Unique-peptides_1000,0.0
670,671,neighborhood,0.0
671,672,VMS_E3020_iBAQ,0.0
672,673,MAE_abs_E3020_Intensity,0.0
673,674,CA_E3020_iBAQ,0.0
674,675,CM_norm_E3020_iBAQ,0.0
675,676,CM_E3020_iBAQ,0.0
676,677,PC_E3020_iBAQ,0.0
677,678,CC_average_E3020_iBAQ,0.0
678,679,CC_abs_E3020_iBAQ,0.0
679,680,RS_E3020_iBAQ,0.0
680,681,HL_E3020_iBAQ,0.0
681,682,F1_E3020_iBAQ,0.0
682,683,coexpression,0.0
683,684,MIS_E3020_iBAQ,0.0
684,685,MdAE_abs_E3020_Intensity,0.0
685,686,HS_E3020_iBAQ,0.0
686,687,FMS_E3020_iBAQ,0.0
687,688,CS_E3020_iBAQ,0.0
688,689,database,0.0
689,690,MdAE_norm_E3020_iBAQ,0.0
690,691,MSE_norm_E3020_iBAQ,0.0
691,692,MAE_norm_E3020_iBAQ,0.0
692,693,EVS_norm_E3020_iBAQ,0.0
693,694,MdAE_abs_E3020_iBAQ,0.0
694,695,MSE_abs_E3020_iBAQ,0.0
695,696,MAE_abs_E3020_iBAQ,0.0
696,697,MSE_abs_E3020_Intensity,0.0
697,698,cooccurence,0.0
698,699,MAE_norm_E3020_LFQ-intensity,0.0
699,700,RS_E3020_Intensity,0.0
700,701,EVS_norm_E3020_LFQ-intensity,0.0
701,702,R2_abs_E3020_LFQ-intensity,0.0
702,703,MdAE_abs_E3020_LFQ-intensity,0.0
703,704,MSE_abs_E3020_LFQ-intensity,0.0
704,705,EVS_abs_E3020_LFQ-intensity,0.0
705,706,CA_E3020_Intensity,0.0
706,707,CM_norm_E3020_Intensity,0.0
707,708,CM_E3020_Intensity,0.0
708,709,SC_E3020_Intensity,0.0
709,710,fusion,0.0
710,711,CC_max_E3020_Intensity,0.0
711,712,HL_E3020_Intensity,0.0
712,713,EVS_norm_E3020_Intensity,0.0
713,714,F1_E3020_Intensity,0.0
714,715,CKS_E3020_Intensity,0.0
715,716,VMS_E3020_Intensity,0.0
716,717,MIS_E3020_Intensity,0.0
717,718,HS_E3020_Intensity,0.0
718,719,FMS_E3020_Intensity,0.0
719,720,CS_E3020_Intensity,0.0
720,721,ADR_E3020_Intensity,0.0
721,722,MdAE_norm_E3020_Intensity,0.0
722,723,MSE_norm_E3020_Intensity,0.0
723,724,MAE_norm_E3020_Intensity,0.0
724,725,PC_E3020_Unique-peptides,0.0
725,726,CM_E3020_Unique-peptides,0.0
726,727,CM_E3027_iBAQ,0.0
727,728,CM_norm_E3020_Unique-peptides,0.0
728,729,AS_E3024_Unique-peptides,0.0
729,730,VMS_E3024_Unique-peptides,0.0
730,731,CC_abs_LFQ-intensity_300,0.0
731,732,CC_abs_LFQ-intensity_1000,0.0
732,733,ADR_E3024_Unique-peptides,0.0
733,734,R2_norm_E3024_Unique-peptides,0.0
734,735,CC_abs_MS-MS-Count_300,0.0
735,736,MAE_norm_E3024_Unique-peptides,0.0
736,737,R2_abs_E3024_Unique-peptides,0.0
737,738,MdAE_abs_E3024_Unique-peptides,0.0
738,739,MSE_abs_E3024_Unique-peptides,0.0
739,740,EVS_abs_E3024_Unique-peptides,0.0
740,741,CA_E3024_MS-MS-Count,0.0
741,742,CM_norm_E3024_MS-MS-Count,0.0
742,743,CM_E3024_MS-MS-Count,0.0
743,744,SC_E3024_MS-MS-Count,0.0
744,745,PC_E3024_MS-MS-Count,0.0
745,746,CC_max_E3024_MS-MS-Count,0.0
746,747,CC_abs_E3024_MS-MS-Count,0.0
747,748,PS_E3024_MS-MS-Count,0.0
748,749,HL_E3024_MS-MS-Count,0.0
749,750,VMS_E3024_MS-MS-Count,0.0
750,751,MIS_E3024_MS-MS-Count,0.0
751,752,CC_abs_MS-MS-Count_1000,0.0
752,753,CS_E3024_MS-MS-Count,0.0
753,754,CKS_E3024_Unique-peptides,0.0
754,755,F1_E3024_Unique-peptides,0.0
755,756,PS_E3024_Unique-peptides,0.0
756,757,ADR_E3027_iBAQ,0.0
757,758,SC_E3027_iBAQ,0.0
758,759,CC_max_E3027_iBAQ,0.0
759,760,CC_abs_E3027_iBAQ,0.0
760,761,CC_abs_iBAQ_300,0.0
761,762,HL_E3027_iBAQ,0.0
762,763,F1_E3027_iBAQ,0.0
763,764,CKS_E3027_iBAQ,0.0
764,765,AS_E3027_iBAQ,0.0
765,766,VMS_E3027_iBAQ,0.0
766,767,HS_E3027_iBAQ,0.0
767,768,FMS_E3027_iBAQ,0.0
768,769,R2_norm_E3027_iBAQ,0.0
769,770,RS_E3024_Unique-peptides,0.0
770,771,CC_abs_Intensity_300,0.0
771,772,EVS_norm_E3027_iBAQ,0.0
772,773,R2_abs_E3027_iBAQ,0.0
773,774,MdAE_abs_E3027_iBAQ,0.0
774,775,CC_abs_Intensity_1000,0.0
775,776,EVS_abs_E3027_iBAQ,0.0
776,777,CA_E3024_Unique-peptides,0.0
777,778,CM_norm_E3024_Unique-peptides,0.0
778,779,CM_E3024_Unique-peptides,0.0
779,780,CC_average_E3024_Unique-peptides,0.0
780,781,CC_abs_E3024_Unique-peptides,0.0
781,782,MdAE_norm_E3024_MS-MS-Count,0.0
782,783,MSE_norm_E3024_MS-MS-Count,0.0
783,784,EVS_norm_E3024_MS-MS-Count,0.0
784,785,CM_E3024_iBAQ,0.0
785,786,CC_abs_E3024_Intensity,0.0
786,787,RS_E3024_Intensity,0.0
787,788,CC_max_iBAQ_1000,0.0
788,789,AS_E3024_Intensity,0.0
789,790,MIS_E3024_Intensity,0.0
790,791,HS_E3024_Intensity,0.0
791,792,MSE_norm_E3024_Intensity,0.0
792,793,CC_max_LFQ-intensity_1000,0.0
793,794,R2_abs_E3024_Intensity,0.0
794,795,CA_E3024_iBAQ,0.0
795,796,CM_norm_E3024_iBAQ,0.0
796,797,CC_max_E3024_iBAQ,0.0
797,798,PC_E3024_Intensity,0.0
798,799,CC_abs_E3024_iBAQ,0.0
799,800,CC_max_MS-MS-Count_300,0.0
800,801,HS_E3024_iBAQ,0.0
801,802,FMS_E3024_iBAQ,0.0
802,803,CS_E3024_iBAQ,0.0
803,804,CC_average_iBAQ_1000,0.0
804,805,EVS_norm_E3024_iBAQ,0.0
805,806,MdAE_abs_E3024_iBAQ,0.0
806,807,MAE_abs_E3024_iBAQ,0.0
807,808,EVS_abs_E3024_iBAQ,0.0
808,809,CA_E3020_Unique-peptides,0.0
809,810,CC_max_E3024_Intensity,0.0
810,811,CM_E3024_Intensity,0.0
811,812,MdAE_abs_E3024_MS-MS-Count,0.0
812,813,VMS_E3024_LFQ-intensity,0.0
813,814,MAE_abs_E3024_MS-MS-Count,0.0
814,815,CA_E3024_LFQ-intensity,0.0
815,816,CM_norm_E3024_LFQ-intensity,0.0
816,817,CM_E3024_LFQ-intensity,0.0
817,818,SC_E3024_LFQ-intensity,0.0
818,819,PC_E3024_LFQ-intensity,0.0
819,820,CC_max_E3024_LFQ-intensity,0.0
820,821,CC_abs_E3024_LFQ-intensity,0.0
821,822,RS_E3024_LFQ-intensity,0.0
822,823,F1_E3024_LFQ-intensity,0.0
823,824,CKS_E3024_LFQ-intensity,0.0
824,825,MIS_E3024_LFQ-intensity,0.0
825,826,CM_norm_E3024_Intensity,0.0
826,827,HS_E3024_LFQ-intensity,0.0
827,828,FMS_E3024_LFQ-intensity,0.0
828,829,CS_E3024_LFQ-intensity,0.0
829,830,ADR_E3024_LFQ-intensity,0.0
830,831,R2_norm_E3024_LFQ-intensity,0.0
831,832,MAE_norm_E3024_LFQ-intensity,0.0
832,833,EVS_norm_E3024_LFQ-intensity,0.0
833,834,MSE_abs_E3024_LFQ-intensity,0.0
834,835,CC_max_iBAQ_300,0.0
835,836,EVS_abs_E3024_LFQ-intensity,0.0
836,837,CA_E3024_Intensity,0.0
837,838,F1_E3017_Intensity,0.0
838,839,EVS_abs_E3019_iBAQ,0.0
839,840,PS_E3017_Intensity,0.0
840,841,CKS_SAL1328_intensity,0.0
841,842,CA_E3023_LFQ-intensity,0.0
842,843,CM_norm_E3023_LFQ-intensity,0.0
843,844,CM_E3023_LFQ-intensity,0.0
844,845,SC_E3023_LFQ-intensity,0.0
845,846,MIS_SAL1328_intensity,0.0
846,847,VMS_SAL1328_intensity,0.0
847,848,CC_abs_E3023_LFQ-intensity,0.0
848,849,RS_E3023_LFQ-intensity,0.0
849,850,PS_E3023_LFQ-intensity,0.0
850,851,HL_E3023_LFQ-intensity,0.0
851,852,AS_E3023_LFQ-intensity,0.0
852,853,AS_SAL1328_intensity,0.0
853,854,FMS_E3023_LFQ-intensity,0.0
854,855,MdAE_norm_E3023_LFQ-intensity,0.0
855,856,RS_E3023_Unique-peptides,0.0
856,857,MSE_norm_E3023_LFQ-intensity,0.0
857,858,MAE_norm_E3023_LFQ-intensity,0.0
858,859,EVS_norm_E3023_LFQ-intensity,0.0
859,860,R2_abs_E3023_LFQ-intensity,0.0
860,861,F1_SAL1328_intensity,0.0
861,862,HL_SAL1328_intensity,0.0
862,863,CA_E3023_Intensity,0.0
863,864,CM_norm_E3023_Intensity,0.0
864,865,CM_E3023_Intensity,0.0
865,866,PC_E3023_Intensity,0.0
866,867,RS_E3023_Intensity,0.0
867,868,HL_E3023_Intensity,0.0
868,869,F1_E3023_Intensity,0.0
869,870,EVS_abs_E3023_MS-MS-Count,0.0
870,871,MdAE_abs_E3023_MS-MS-Count,0.0
871,872,R2_abs_E3023_MS-MS-Count,0.0
872,873,MAE_norm_E3023_MS-MS-Count,0.0
873,874,HL_E3023_Unique-peptides,0.0
874,875,VMS_E3023_Unique-peptides,0.0
875,876,HS_E3023_Unique-peptides,0.0
876,877,CS_E3023_Unique-peptides,0.0
877,878,ADR_E3023_Unique-peptides,0.0
878,879,MSE_norm_E3023_Unique-peptides,0.0
879,880,MAE_norm_E3023_Unique-peptides,0.0
880,881,MdAE_abs_E3023_Unique-peptides,0.0
881,882,MSE_abs_E3023_Unique-peptides,0.0
882,883,MAE_abs_E3023_Unique-peptides,0.0
883,884,CA_E3023_MS-MS-Count,0.0
884,885,CM_norm_E3023_MS-MS-Count,0.0
885,886,CM_E3023_MS-MS-Count,0.0
886,887,SC_E3023_MS-MS-Count,0.0
887,888,PC_E3023_MS-MS-Count,0.0
888,889,CC_average_E3023_MS-MS-Count,0.0
889,890,CC_abs_E3023_MS-MS-Count,0.0
890,891,RS_E3023_MS-MS-Count,0.0
891,892,PS_E3023_MS-MS-Count,0.0
892,893,HS_SAL1328_intensity,0.0
893,894,CKS_E3023_MS-MS-Count,0.0
894,895,AS_E3023_MS-MS-Count,0.0
895,896,MIS_E3023_MS-MS-Count,0.0
896,897,FMS_E3023_MS-MS-Count,0.0
897,898,CS_E3023_MS-MS-Count,0.0
898,899,R2_norm_E3023_MS-MS-Count,0.0
899,900,MSE_norm_E3023_MS-MS-Count,0.0
900,901,VMS_E3023_Intensity,0.0
901,902,MIS_E3023_Intensity,0.0
902,903,HS_E3023_Intensity,0.0
903,904,SC_SAL1328_intensity,0.0
904,905,CA_E3021_Unique-peptides,0.0
905,906,CM_norm_E3021_Unique-peptides,0.0
906,907,SC_E3021_Unique-peptides,0.0
907,908,PC_E3021_Unique-peptides,0.0
908,909,CC_average_E3021_Unique-peptides,0.0
909,910,CC_abs_E3021_Unique-peptides,0.0
910,911,HL_E3021_Unique-peptides,0.0
911,912,CKS_E3021_Unique-peptides,0.0
912,913,AS_E3021_Unique-peptides,0.0
913,914,VMS_E3021_Unique-peptides,0.0
914,915,FMS_E3021_Unique-peptides,0.0
915,916,CS_E3021_Unique-peptides,0.0
916,917,ADR_E3021_Unique-peptides,0.0
917,918,R2_norm_E3021_Unique-peptides,0.0
918,919,MdAE_norm_E3021_Unique-peptides,0.0
919,920,MAE_norm_E3021_Unique-peptides,0.0
920,921,EVS_norm_E3021_Unique-peptides,0.0
921,922,MdAE_abs_E3021_Unique-peptides,0.0
922,923,CA_E3021_MS-MS-Count,0.0
923,924,CM_norm_E3021_MS-MS-Count,0.0
924,925,CM_E3021_MS-MS-Count,0.0
925,926,SC_E3021_MS-MS-Count,0.0
926,927,PC_E3021_MS-MS-Count,0.0
927,928,CC_average_E3021_MS-MS-Count,0.0
928,929,CC_max_E3021_MS-MS-Count,0.0
929,930,CC_abs_E3021_MS-MS-Count,0.0
930,931,RS_E3021_MS-MS-Count,0.0
931,932,CM_SAL1328_intensity,0.0
932,933,PC_SAL1328_intensity,0.0
933,934,FMS_E3023_Intensity,0.0
934,935,CC_average_SAL1328_intensity,0.0
935,936,CS_E3023_Intensity,0.0
936,937,ADR_E3023_Intensity,0.0
937,938,R2_norm_E3023_Intensity,0.0
938,939,MdAE_norm_E3023_Intensity,0.0
939,940,MSE_norm_E3023_Intensity,0.0
940,941,EVS_norm_E3023_Intensity,0.0
941,942,MdAE_abs_E3023_Intensity,0.0
942,943,PS_SAL1328_intensity,0.0
943,944,MAE_abs_E3023_Intensity,0.0
944,945,EVS_abs_E3023_Intensity,0.0
945,946,CA_E3023_iBAQ,0.0
946,947,CM_norm_E3023_iBAQ,0.0
947,948,CM_E3023_iBAQ,0.0
948,949,SC_E3023_iBAQ,0.0
949,950,PC_E3023_iBAQ,0.0
950,951,RS_SAL1328_intensity,0.0
951,952,CC_abs_SAL1328_intensity,0.0
952,953,PS_E3023_iBAQ,0.0
953,954,F1_E3023_iBAQ,0.0
954,955,CKS_E3023_iBAQ,0.0
955,956,AS_E3023_iBAQ,0.0
956,957,MIS_E3023_iBAQ,0.0
957,958,HS_E3023_iBAQ,0.0
958,959,ADR_E3023_iBAQ,0.0
959,960,R2_norm_E3023_iBAQ,0.0
960,961,CC_max_SAL1328_intensity,0.0
961,962,MAE_norm_E3023_iBAQ,0.0
962,963,PS_E3023_Unique-peptides,0.0
963,964,CC_abs_E3023_Unique-peptides,0.0
964,965,F1_E3021_MS-MS-Count,0.0
965,966,MAE_norm_E3028_MS-MS-Count,0.0
966,967,RS_E3028_MS-MS-Count,0.0
967,968,PS_E3028_MS-MS-Count,0.0
968,969,HL_E3028_MS-MS-Count,0.0
969,970,F1_E3028_MS-MS-Count,0.0
970,971,CKS_E3028_MS-MS-Count,0.0
971,972,AS_E3028_MS-MS-Count,0.0
972,973,VMS_E3028_MS-MS-Count,0.0
973,974,MIS_E3028_MS-MS-Count,0.0
974,975,HS_E3028_MS-MS-Count,0.0
975,976,FMS_E3028_MS-MS-Count,0.0
976,977,ADR_E3028_MS-MS-Count,0.0
977,978,R2_norm_E3028_MS-MS-Count,0.0
978,979,MdAE_norm_E3028_MS-MS-Count,0.0
979,980,R2_abs_E3028_MS-MS-Count,0.0
980,981,CC_max_E3023_Unique-peptides,0.0
981,982,MSE_abs_E3028_MS-MS-Count,0.0
982,983,MSE_norm_SAL1328_intensity,0.0
983,984,CA_E3028_LFQ-intensity,0.0
984,985,CM_norm_E3028_LFQ-intensity,0.0
985,986,CM_E3028_LFQ-intensity,0.0
986,987,SC_E3028_LFQ-intensity,0.0
987,988,MdAE_norm_SAL1328_intensity,0.0
988,989,CC_average_E3028_LFQ-intensity,0.0
989,990,CC_max_E3028_LFQ-intensity,0.0
990,991,CC_abs_E3028_LFQ-intensity,0.0
991,992,RS_E3028_LFQ-intensity,0.0
992,993,HL_E3028_LFQ-intensity,0.0
993,994,F1_E3028_LFQ-intensity,0.0
994,995,CC_abs_E3028_MS-MS-Count,0.0
995,996,MAE_norm_SAL1328_intensity,0.0
996,997,CC_average_E3028_MS-MS-Count,0.0
997,998,CM_E3028_MS-MS-Count,0.0
998,999,CA_E3028_Unique-peptides,0.0
999,1000,CM_norm_E3028_Unique-peptides,0.0
1000,1001,CM_E3028_Unique-peptides,0.0
1001,1002,SC_E3028_Unique-peptides,0.0
1002,1003,PC_E3028_Unique-peptides,0.0
1003,1004,CC_average_E3028_Unique-peptides,0.0
1004,1005,CC_max_E3028_Unique-peptides,0.0
1005,1006,CC_abs_E3028_Unique-peptides,0.0
1006,1007,PS_E3028_Unique-peptides,0.0
1007,1008,HL_E3028_Unique-peptides,0.0
1008,1009,CKS_E3028_Unique-peptides,0.0
1009,1010,VMS_E3028_Unique-peptides,0.0
1010,1011,MIS_E3028_Unique-peptides,0.0
1011,1012,HS_E3028_Unique-peptides,0.0
1012,1013,FMS_E3028_Unique-peptides,0.0
1013,1014,CS_E3028_Unique-peptides,0.0
1014,1015,MSE_abs_SAL1328_intensity,0.0
1015,1016,MdAE_norm_E3028_Unique-peptides,0.0
1016,1017,MdAE_abs_SAL1328_intensity,0.0
1017,1018,R2_abs_SAL1328_intensity,0.0
1018,1019,R2_abs_E3028_Unique-peptides,0.0
1019,1020,MdAE_abs_E3028_Unique-peptides,0.0
1020,1021,MSE_abs_E3028_Unique-peptides,0.0
1021,1022,EVS_norm_SAL1328_intensity,0.0
1022,1023,EVS_abs_E3028_Unique-peptides,0.0
1023,1024,CA_E3028_MS-MS-Count,0.0
1024,1025,CM_norm_E3028_MS-MS-Count,0.0
1025,1026,CKS_E3028_LFQ-intensity,0.0
1026,1027,AS_E3028_LFQ-intensity,0.0
1027,1028,MIS_E3028_LFQ-intensity,0.0
1028,1029,CM_E3028_iBAQ,0.0
1029,1030,PC_E3028_iBAQ,0.0
1030,1031,CC_average_E3028_iBAQ,0.0
1031,1032,CC_abs_E3028_iBAQ,0.0
1032,1033,RS_E3028_iBAQ,0.0
1033,1034,HL_E3028_iBAQ,0.0
1034,1035,F1_E3028_iBAQ,0.0
1035,1036,AS_E3028_iBAQ,0.0
1036,1037,CS_SAL1328_intensity,0.0
1037,1038,MIS_E3028_iBAQ,0.0
1038,1039,FMS_E3028_iBAQ,0.0
1039,1040,ADR_E3028_iBAQ,0.0
1040,1041,R2_norm_E3028_iBAQ,0.0
1041,1042,MdAE_norm_E3028_iBAQ,0.0
1042,1043,MSE_norm_E3028_iBAQ,0.0
1043,1044,MAE_norm_E3028_iBAQ,0.0
1044,1045,EVS_norm_E3028_iBAQ,0.0
1045,1046,FMS_SAL1328_intensity,0.0
1046,1047,MdAE_abs_E3028_iBAQ,0.0
1047,1048,MSE_abs_E3028_iBAQ,0.0
1048,1049,MAE_abs_E3028_iBAQ,0.0
1049,1050,EVS_abs_E3028_iBAQ,0.0
1050,1051,CA_E3023_Unique-peptides,0.0
1051,1052,CM_norm_E3023_Unique-peptides,0.0
1052,1053,CM_E3023_Unique-peptides,0.0
1053,1054,SC_E3023_Unique-peptides,0.0
1054,1055,PC_E3023_Unique-peptides,0.0
1055,1056,CC_average_E3023_Unique-peptides,0.0
1056,1057,SC_E3028_iBAQ,0.0
1057,1058,CA_E3028_iBAQ,0.0
1058,1059,HS_E3028_LFQ-intensity,0.0
1059,1060,EVS_abs_E3028_Intensity,0.0
1060,1061,ADR_E3028_LFQ-intensity,0.0
1061,1062,R2_norm_E3028_LFQ-intensity,0.0
1062,1063,MdAE_norm_E3028_LFQ-intensity,0.0
1063,1064,MAE_norm_E3028_LFQ-intensity,0.0
1064,1065,R2_norm_SAL1328_intensity,0.0
1065,1066,EVS_abs_E3028_LFQ-intensity,0.0
1066,1067,CA_E3028_Intensity,0.0
1067,1068,CM_norm_E3028_Intensity,0.0
1068,1069,CM_E3028_Intensity,0.0
1069,1070,SC_E3028_Intensity,0.0
1070,1071,ADR_SAL1328_intensity,0.0
1071,1072,CC_average_E3028_Intensity,0.0
1072,1073,RS_E3028_Intensity,0.0
1073,1074,PS_E3028_Intensity,0.0
1074,1075,F1_E3028_Intensity,0.0
1075,1076,CKS_E3028_Intensity,0.0
1076,1077,AS_E3028_Intensity,0.0
1077,1078,CS_E3028_Intensity,0.0
1078,1079,ADR_E3028_Intensity,0.0
1079,1080,MdAE_norm_E3028_Intensity,0.0
1080,1081,MSE_norm_E3028_Intensity,0.0
1081,1082,MAE_norm_E3028_Intensity,0.0
1082,1083,EVS_norm_E3028_Intensity,0.0
1083,1084,R2_abs_E3028_Intensity,0.0
1084,1085,MdAE_abs_E3028_Intensity,0.0
1085,1086,MSE_abs_E3028_Intensity,0.0
1086,1087,MAE_abs_E3028_Intensity,0.0
1087,1088,PS_E3021_MS-MS-Count,0.0
1088,1089,CKS_E3021_MS-MS-Count,0.0
1089,1090,RS_E3017_Intensity,0.0
1090,1091,CA_E3017_Unique-peptides,0.0
1091,1092,AS_E3019_iBAQ,0.0
1092,1093,SC_SAL1018_intensity,0.0
1093,1094,MIS_E3019_iBAQ,0.0
1094,1095,HS_E3019_iBAQ,0.0
1095,1096,FMS_E3019_iBAQ,0.0
1096,1097,CS_E3019_iBAQ,0.0
1097,1098,CM_SAL1018_intensity,0.0
1098,1099,R2_norm_E3019_iBAQ,0.0
1099,1100,CM_norm_SAL1018_intensity,0.0
1100,1101,CA_SAL1018_intensity,0.0
1101,1102,EVS_norm_E3019_iBAQ,0.0
1102,1103,R2_abs_E3019_iBAQ,0.0
1103,1104,EVS_abs_SAL1328_intensity,0.0
1104,1105,CM_norm_E3017_Unique-peptides,0.0
1105,1106,HS_SAL1018_intensity,0.0
1106,1107,CM_E3017_Unique-peptides,0.0
1107,1108,CC_average_E3017_Unique-peptides,0.0
1108,1109,CC_abs_E3017_Unique-peptides,0.0
1109,1110,PS_E3017_Unique-peptides,0.0
1110,1111,F1_E3017_Unique-peptides,0.0
1111,1112,AS_E3017_Unique-peptides,0.0
1112,1113,VMS_E3017_Unique-peptides,0.0
1113,1114,MIS_E3017_Unique-peptides,0.0
1114,1115,HS_E3017_Unique-peptides,0.0
1115,1116,FMS_E3017_Unique-peptides,0.0
1116,1117,R2_norm_E3017_Unique-peptides,0.0
1117,1118,MdAE_norm_E3017_Unique-peptides,0.0
1118,1119,MSE_norm_E3017_Unique-peptides,0.0
1119,1120,CKS_E3019_iBAQ,0.0
1120,1121,PC_SAL1018_intensity,0.0
1121,1122,CC_average_SAL1018_intensity,0.0
1122,1123,SC_E3019_iBAQ,0.0
1123,1124,MIS_SAL1018_intensity,0.0
1124,1125,VMS_SAL1018_intensity,0.0
1125,1126,AS_SAL1018_intensity,0.0
1126,1127,CKS_SAL1018_intensity,0.0
1127,1128,F1_SAL1018_intensity,0.0
1128,1129,HL_SAL1018_intensity,0.0
1129,1130,EVS_abs_E3019_LFQ-intensity,0.0
1130,1131,CA_E3019_Intensity,0.0
1131,1132,CM_E3019_Intensity,0.0
1132,1133,RS_SAL1018_intensity,0.0
1133,1134,CC_abs_E3019_Intensity,0.0
1134,1135,RS_E3019_Intensity,0.0
1135,1136,F1_E3019_Intensity,0.0
1136,1137,AS_E3019_Intensity,0.0
1137,1138,MIS_E3019_Intensity,0.0
1138,1139,HS_E3019_Intensity,0.0
1139,1140,FMS_E3019_Intensity,0.0
1140,1141,ADR_E3019_Intensity,0.0
1141,1142,R2_norm_E3019_Intensity,0.0
1142,1143,MdAE_norm_E3019_Intensity,0.0
1143,1144,MSE_norm_E3019_Intensity,0.0
1144,1145,CC_abs_SAL1018_intensity,0.0
1145,1146,R2_abs_E3019_Intensity,0.0
1146,1147,CC_max_SAL1018_intensity,0.0
1147,1148,EVS_abs_E3019_Intensity,0.0
1148,1149,CA_E3019_iBAQ,0.0
1149,1150,CM_E3019_iBAQ,0.0
1150,1151,EVS_norm_E3017_Unique-peptides,0.0
1151,1152,R2_abs_E3017_Unique-peptides,0.0
1152,1153,MdAE_abs_E3017_Unique-peptides,0.0
1153,1154,PC_E3017_LFQ-intensity,0.0
1154,1155,CM_MS-MS-Count_1000,0.0
1155,1156,RS_E3017_LFQ-intensity,0.0
1156,1157,PS_E3017_LFQ-intensity,0.0
1157,1158,F1_E3017_LFQ-intensity,0.0
1158,1159,CM_Unique-peptides_300,0.0
1159,1160,AS_E3017_LFQ-intensity,0.0
1160,1161,VMS_E3017_LFQ-intensity,0.0
1161,1162,MIS_E3017_LFQ-intensity,0.0
1162,1163,HS_E3017_LFQ-intensity,0.0
1163,1164,FMS_E3017_LFQ-intensity,0.0
1164,1165,CS_E3017_LFQ-intensity,0.0
1165,1166,ADR_E3017_LFQ-intensity,0.0
1166,1167,R2_norm_E3017_LFQ-intensity,0.0
1167,1168,MdAE_norm_E3017_LFQ-intensity,0.0
1168,1169,MSE_norm_E3017_LFQ-intensity,0.0
1169,1170,EVS_norm_E3017_LFQ-intensity,0.0
1170,1171,R2_abs_E3017_LFQ-intensity,0.0
1171,1172,CM_Unique-peptides_1000,0.0
1172,1173,MSE_abs_E3017_LFQ-intensity,0.0
1173,1174,CA_iBAQ_1000,0.0
1174,1175,CA_E3017_Intensity,0.0
1175,1176,CM_norm_E3017_Intensity,0.0
1176,1177,CM_E3017_Intensity,0.0
1177,1178,SC_E3017_Intensity,0.0
1178,1179,CA_Intensity_300,0.0
1179,1180,CA_Intensity_1000,0.0
1180,1181,CC_abs_E3017_Intensity,0.0
1181,1182,CM_MS-MS-Count_300,0.0
1182,1183,CM_E3017_LFQ-intensity,0.0
1183,1184,CM_iBAQ_300,0.0
1184,1185,CM_norm_E3017_LFQ-intensity,0.0
1185,1186,EVS_abs_E3017_Unique-peptides,0.0
1186,1187,CA_E3017_MS-MS-Count,0.0
1187,1188,CM_norm_E3017_MS-MS-Count,0.0
1188,1189,CM_E3017_MS-MS-Count,0.0
1189,1190,SC_E3017_MS-MS-Count,0.0
1190,1191,PC_E3017_MS-MS-Count,0.0
1191,1192,CC_average_E3017_MS-MS-Count,0.0
1192,1193,CC_max_E3017_MS-MS-Count,0.0
1193,1194,CC_abs_E3017_MS-MS-Count,0.0
1194,1195,RS_E3017_MS-MS-Count,0.0
1195,1196,PS_E3017_MS-MS-Count,0.0
1196,1197,HL_E3017_MS-MS-Count,0.0
1197,1198,F1_E3017_MS-MS-Count,0.0
1198,1199,VMS_E3017_MS-MS-Count,0.0
1199,1200,MIS_E3017_MS-MS-Count,0.0
1200,1201,CS_E3017_MS-MS-Count,0.0
1201,1202,ADR_E3017_MS-MS-Count,0.0
1202,1203,R2_norm_E3017_MS-MS-Count,0.0
1203,1204,MdAE_norm_E3017_MS-MS-Count,0.0
1204,1205,CM_Intensity_300,0.0
1205,1206,CM_Intensity_1000,0.0
1206,1207,EVS_norm_E3017_MS-MS-Count,0.0
1207,1208,MdAE_abs_E3017_MS-MS-Count,0.0
1208,1209,CM_LFQ-intensity_300,0.0
1209,1210,CM_LFQ-intensity_1000,0.0
1210,1211,EVS_abs_E3017_MS-MS-Count,0.0
1211,1212,CA_E3017_LFQ-intensity,0.0
1212,1213,textmining,0.0
1213,1214,ADR_E3019_LFQ-intensity,0.0
1214,1215,AS_E3021_MS-MS-Count,0.0
1215,1216,MSE_abs_E3021_Intensity,0.0
1216,1217,CM_E3021_Intensity,0.0
1217,1218,SC_E3021_Intensity,0.0
1218,1219,CC_average_E3021_Intensity,0.0
1219,1220,CC_max_E3021_Intensity,0.0
1220,1221,RS_E3021_Intensity,0.0
1221,1222,PS_E3021_Intensity,0.0
1222,1223,VMS_E3021_Intensity,0.0
1223,1224,MIS_E3021_Intensity,0.0
1224,1225,HS_E3021_Intensity,0.0
1225,1226,CS_E3021_Intensity,0.0
1226,1227,ADR_E3021_Intensity,0.0
1227,1228,MSE_norm_E3021_Intensity,0.0
1228,1229,EVS_norm_E3021_Intensity,0.0
1229,1230,EVS_abs_E3021_Intensity,0.0
1230,1231,CS_E3019_LFQ-intensity,0.0
1231,1232,CA_E3021_iBAQ,0.0
1232,1233,CM_norm_E3021_iBAQ,0.0
1233,1234,CM_E3021_iBAQ,0.0
1234,1235,PC_E3021_iBAQ,0.0
1235,1236,CC_average_E3021_iBAQ,0.0
1236,1237,CC_abs_E3021_iBAQ,0.0
1237,1238,HL_E3021_iBAQ,0.0
1238,1239,F1_E3021_iBAQ,0.0
1239,1240,CKS_E3021_iBAQ,0.0
1240,1241,AS_E3021_iBAQ,0.0
1241,1242,VMS_E3021_iBAQ,0.0
1242,1243,HS_E3021_iBAQ,0.0
1243,1244,FMS_E3021_iBAQ,0.0
1244,1245,CM_norm_E3021_Intensity,0.0
1245,1246,CA_E3021_Intensity,0.0
1246,1247,MAE_abs_SAL1018_intensity,0.0
1247,1248,MdAE_abs_E3021_LFQ-intensity,0.0
1248,1249,VMS_E3021_MS-MS-Count,0.0
1249,1250,MIS_E3021_MS-MS-Count,0.0
1250,1251,FMS_E3021_MS-MS-Count,0.0
1251,1252,CS_E3021_MS-MS-Count,0.0
1252,1253,R2_norm_E3021_MS-MS-Count,0.0
1253,1254,MSE_norm_E3021_MS-MS-Count,0.0
1254,1255,MAE_norm_E3021_MS-MS-Count,0.0
1255,1256,R2_abs_E3021_MS-MS-Count,0.0
1256,1257,MdAE_abs_E3021_MS-MS-Count,0.0
1257,1258,CM_norm_SAL1328_intensity,0.0
1258,1259,CA_SAL1328_intensity,0.0
1259,1260,EVS_abs_E3021_MS-MS-Count,0.0
1260,1261,CA_E3021_LFQ-intensity,0.0
1261,1262,CM_E3021_LFQ-intensity,0.0
1262,1263,SC_E3021_LFQ-intensity,0.0
1263,1264,PC_E3021_LFQ-intensity,0.0
1264,1265,RS_E3021_LFQ-intensity,0.0
1265,1266,PS_E3021_LFQ-intensity,0.0
1266,1267,HL_E3021_LFQ-intensity,0.0
1267,1268,F1_E3021_LFQ-intensity,0.0
1268,1269,EVS_abs_SAL1018_intensity,0.0
1269,1270,MIS_E3021_LFQ-intensity,0.0
1270,1271,CS_E3021_LFQ-intensity,0.0
1271,1272,MdAE_norm_E3021_LFQ-intensity,0.0
1272,1273,MAE_norm_E3021_LFQ-intensity,0.0
1273,1274,EVS_norm_E3021_LFQ-intensity,0.0
1274,1275,R2_abs_E3021_LFQ-intensity,0.0
1275,1276,MdAE_norm_E3021_iBAQ,0.0
1276,1277,MdAE_abs_E3021_iBAQ,0.0
1277,1278,CA_E3019_Unique-peptides,0.0
1278,1279,AS_E3019_MS-MS-Count,0.0
1279,1280,HS_E3019_MS-MS-Count,0.0
1280,1281,FMS_E3019_MS-MS-Count,0.0
1281,1282,CS_E3019_MS-MS-Count,0.0
1282,1283,ADR_E3019_MS-MS-Count,0.0
1283,1284,MdAE_norm_E3019_MS-MS-Count,0.0
1284,1285,MSE_norm_E3019_MS-MS-Count,0.0
1285,1286,EVS_norm_SAL1018_intensity,0.0
1286,1287,MAE_norm_SAL1018_intensity,0.0
1287,1288,R2_abs_E3019_MS-MS-Count,0.0
1288,1289,MdAE_abs_E3019_MS-MS-Count,0.0
1289,1290,MSE_abs_E3019_MS-MS-Count,0.0
1290,1291,MSE_norm_SAL1018_intensity,0.0
1291,1292,EVS_abs_E3019_MS-MS-Count,0.0
1292,1293,CA_E3019_LFQ-intensity,0.0
1293,1294,CM_E3019_LFQ-intensity,0.0
1294,1295,SC_E3019_LFQ-intensity,0.0
1295,1296,MdAE_norm_SAL1018_intensity,0.0
1296,1297,R2_norm_SAL1018_intensity,0.0
1297,1298,CC_max_E3019_LFQ-intensity,0.0
1298,1299,CC_abs_E3019_LFQ-intensity,0.0
1299,1300,RS_E3019_LFQ-intensity,0.0
1300,1301,PS_E3019_LFQ-intensity,0.0
1301,1302,ADR_SAL1018_intensity,0.0
1302,1303,CS_SAL1018_intensity,0.0
1303,1304,MIS_E3019_LFQ-intensity,0.0
1304,1305,FMS_SAL1018_intensity,0.0
1305,1306,FMS_E3019_LFQ-intensity,0.0
1306,1307,MIS_E3019_MS-MS-Count,0.0
1307,1308,CKS_E3019_MS-MS-Count,0.0
1308,1309,CM_norm_E3019_Unique-peptides,0.0
1309,1310,F1_E3019_MS-MS-Count,0.0
1310,1311,PC_E3019_Unique-peptides,0.0
1311,1312,CC_average_E3019_Unique-peptides,0.0
1312,1313,CC_max_E3019_Unique-peptides,0.0
1313,1314,CC_abs_E3019_Unique-peptides,0.0
1314,1315,F1_E3019_Unique-peptides,0.0
1315,1316,AS_E3019_Unique-peptides,0.0
1316,1317,VMS_E3019_Unique-peptides,0.0
1317,1318,HS_E3019_Unique-peptides,0.0
1318,1319,FMS_E3019_Unique-peptides,0.0
1319,1320,CS_E3019_Unique-peptides,0.0
1320,1321,ADR_E3019_Unique-peptides,0.0
1321,1322,R2_norm_E3019_Unique-peptides,0.0
1322,1323,MdAE_abs_SAL1018_intensity,0.0
1323,1324,MAE_norm_E3019_Unique-peptides,0.0
1324,1325,EVS_norm_E3019_Unique-peptides,0.0
1325,1326,R2_abs_E3019_Unique-peptides,0.0
1326,1327,MdAE_abs_E3019_Unique-peptides,0.0
1327,1328,EVS_abs_E3019_Unique-peptides,0.0
1328,1329,CA_E3019_MS-MS-Count,0.0
1329,1330,CM_norm_E3019_MS-MS-Count,0.0
1330,1331,CM_E3019_MS-MS-Count,0.0
1331,1332,SC_E3019_MS-MS-Count,0.0
1332,1333,PC_E3019_MS-MS-Count,0.0
1333,1334,CC_average_E3019_MS-MS-Count,0.0
1334,1335,CC_abs_E3019_MS-MS-Count,0.0
1335,1336,RS_E3019_MS-MS-Count,0.0
1336,1337,PS_E3019_MS-MS-Count,0.0
1337,1338,MdAE_norm_E3019_LFQ-intensity,0.0
